age_group,placement,avg_score,count
Under 25,4.7611940298507465,21.447942605156037,67
25-34,5.62962962962963,17.64853616161616,135
35-44,7.07,14.620198818181818,100
45+,9.100840336134453,10.739430710466003,119
