season,num_contestants,judge_placement_correlation,winner
1,6,0.942857142857143,Kelly Monaco
2,10,0.9515151515151514,Drew Lachey
3,11,0.9818181818181818,Emmitt Smith
4,11,1.0,Apolo Anton Ohno
5,12,0.9930069930069931,Helio Castroneves
6,12,0.9930069930069931,Kristi Yamaguchi
7,13,0.989010989010989,Brooke Burke
8,13,0.9560439560439561,Shawn Johnson
9,16,0.9874910694005741,Donny Osmond
10,11,1.0,Nicole Scherzinger
